[
    {
        "app": "Sistema 1",
        "credential": "9513d4e3d0df4fb62458c40263622d470eb473d3c5d1b823d6e530619d8787ff",
        "type": "MSCAPI",
        "certificate": "CN del certificado de firma",
        "keyStorePassword": "",
        "entryName": "",
        "entryPassword": ""
    },
    {
        "app": "Sistema 2",
        "credential": "f01c95ac9c007d2a4e06d3bf20d69b268fb46e12680ff44c8018a5d56752bbc9",
        "type": "MSCAPI",
        "certificate": "numero de serie del certificado de firma 1414426669673753855",
        "keyStorePassword": "",
        "entryName": "",
        "entryPassword": ""
    },
    {
        "app": "Sistema X",
        "credential": "9f5084fb955276dc4ae126f1032b737c1c8464fc7cba62ed7707aafdf47680af",
        "type": "BCFKS",
        "certificate": "...",
        "keyStorePassword": "...",
        "entryName": "...",
        "entryPassword": "..."
    }
]